t (s),skew,phase,vpp,filt,avg,amp,rms
2.384185791015625e-07,2.68,96.48,0.044792,0.02344,0.005964,0.005964,0.00306571
1.031470775604248,2.68,96.48,0.044792,0.02344,0.005964,0.005964,0.00306571
1.0604641437530518,2.68,96.48,0.044792,0.02344,0.005964,0.005964,0.00306571
1.0894672870635986,2.68,96.48,0.044792,0.02344,0.005964,0.005964,0.00306571
1.1182897090911865,2.68,96.48,0.044792,0.02344,0.005964,0.005964,0.00306571
1.1480369567871094,2.68,96.48,0.044792,0.02344,0.005964,0.005964,0.00306571
1.1772561073303223,2.68,96.48,0.044792,0.02344,0.005964,0.005964,0.00306571
1.207658052444458,2.68,96.48,0.044792,0.02344,0.005964,0.005964,0.00306571
1.2370989322662354,2.68,96.48,0.044792,0.02344,0.005964,0.005964,0.00306571
1.266249418258667,2.68,96.48,0.044792,0.02344,0.005964,0.005964,0.00306571
1.295245885848999,2.68,96.48,0.044792,0.02344,0.005964,0.005964,0.00306571
1.3242278099060059,2.68,96.48,0.044792,0.02344,0.005964,0.005964,0.00306571
1.3533451557159424,2.68,96.48,0.044792,0.02344,0.005964,0.005964,0.00306571
1.3841004371643066,2.68,96.48,0.044792,0.02344,0.005964,0.005964,0.00306571
1.4130351543426514,2.68,96.48,0.044792,0.02344,0.005964,0.005964,0.00306571
1.4422764778137207,2.68,96.48,0.044792,0.02344,0.005964,0.005964,0.00306571
1.4710829257965088,2.68,96.48,0.044792,0.02344,0.005964,0.005964,0.00306571
1.5002515316009521,2.68,96.48,0.044792,0.02344,0.005964,0.005964,0.00306571
1.5292437076568604,2.68,96.48,0.044792,0.02344,0.005964,0.005964,0.00306571
1.5585923194885254,2.68,96.48,0.044792,0.02344,0.005964,0.005964,0.00306571
1.5873534679412842,2.68,96.48,0.044792,0.02344,0.005964,0.005964,0.00306571
1.616711139678955,2.68,96.48,0.044792,0.02344,0.005964,0.005964,0.00306571
1.6454856395721436,2.68,96.48,0.044792,0.02344,0.005964,0.005964,0.00306571
1.674536943435669,2.68,96.48,0.044792,0.02344,0.005964,0.005964,0.00306571
1.7037711143493652,2.68,96.48,0.044792,0.02344,0.005964,0.005964,0.00306571
1.732489824295044,2.68,96.48,0.044792,0.02344,0.005964,0.005964,0.00306571
1.761636734008789,2.68,96.48,0.044792,0.02344,0.005964,0.005964,0.00306571
1.7904736995697021,2.68,96.48,0.044792,0.02344,0.005964,0.005964,0.00306571
1.8196148872375488,2.68,96.48,0.044792,0.02344,0.005964,0.005964,0.00306571
1.8486576080322266,2.68,96.48,0.044792,0.02344,0.005964,0.005964,0.00306571
1.877945899963379,2.68,96.48,0.044792,0.02344,0.005964,0.005964,0.00306571
1.9072129726409912,2.68,96.48,0.044792,0.02344,0.005964,0.005964,0.00306571
1.936206579208374,2.68,96.48,0.044792,0.02344,0.005964,0.005964,0.00306571
1.9656167030334473,2.68,96.48,0.044792,0.02344,0.005964,0.005964,0.00306571
1.994673490524292,2.68,96.48,0.044792,0.02344,0.005964,0.005964,0.00306571
2.0238940715789795,2.68,96.48,0.044792,0.02344,0.005964,0.005964,0.00306571
2.0530056953430176,2.68,96.48,0.044792,0.02344,0.005964,0.005964,0.00306571
2.0821340084075928,2.68,96.48,0.044792,0.02344,0.005964,0.005964,0.00306571
2.11173152923584,2.68,96.48,0.044792,0.02344,0.005964,0.005964,0.00306571
2.140760898590088,2.68,96.48,0.044792,0.02344,0.005964,0.005964,0.00306571
2.1699411869049072,2.68,96.48,0.044792,0.02344,0.005964,0.005964,0.00306571
2.1986703872680664,2.68,96.48,0.044792,0.02344,0.005964,0.005964,0.00306571
2.229719877243042,2.68,96.48,0.044792,0.02344,0.005964,0.005964,0.00306571
2.2589149475097656,2.68,96.48,0.044792,0.02344,0.005964,0.005964,0.00306571
2.2880094051361084,2.68,96.48,0.044792,0.02344,0.005964,0.005964,0.00306571
2.317315101623535,2.68,96.48,0.044792,0.02344,0.005964,0.005964,0.00306571
2.3468220233917236,2.68,96.48,0.044792,0.02344,0.005964,0.005964,0.00306571
2.375619888305664,2.68,96.48,0.044792,0.02344,0.005964,0.005964,0.00306571
2.404447555541992,2.68,96.48,0.044792,0.02344,0.005964,0.005964,0.00306571
2.4335825443267822,2.68,96.48,0.044792,0.02344,0.005964,0.005964,0.00306571
2.4625296592712402,2.68,96.48,0.044792,0.02344,0.005964,0.005964,0.00306571
2.4914612770080566,2.68,96.48,0.044792,0.02344,0.005964,0.005964,0.00306571
2.5208218097686768,2.68,96.48,0.044792,0.02344,0.005964,0.005964,0.00306571
2.549774646759033,2.68,96.48,0.044792,0.02344,0.005964,0.005964,0.00306571
2.579009771347046,2.68,96.48,0.044792,0.02344,0.005964,0.005964,0.00306571
2.60825514793396,2.68,96.48,0.044792,0.02344,0.005964,0.005964,0.00306571
2.637106418609619,2.68,96.48,0.044792,0.02344,0.005964,0.005964,0.00306571
2.666368246078491,2.68,96.48,0.044792,0.02344,0.005964,0.005964,0.00306571
2.695310354232788,2.68,96.48,0.044792,0.02344,0.005964,0.005964,0.00306571
2.7243778705596924,2.68,96.48,0.044792,0.02344,0.005964,0.005964,0.00306571
2.7535207271575928,2.68,96.48,0.044792,0.02344,0.005964,0.005964,0.00306571
2.782588243484497,2.68,96.48,0.044792,0.02344,0.005964,0.005964,0.00306571
2.811655044555664,2.68,96.48,0.044792,0.02344,0.005964,0.005964,0.00306571
2.8405866622924805,2.68,96.48,0.044792,0.02344,0.005964,0.005964,0.00306571
2.870002508163452,2.68,96.48,0.044792,0.02344,0.005964,0.005964,0.00306571
2.8993074893951416,2.68,96.48,0.044792,0.02344,0.005964,0.005964,0.00306571
2.928156614303589,2.68,96.48,0.044792,0.02344,0.005964,0.005964,0.00306571
2.9573118686676025,2.68,96.48,0.044792,0.02344,0.005964,0.005964,0.00306571
2.9863107204437256,2.68,96.48,0.044792,0.02344,0.005964,0.005964,0.00306571
3.0158133506774902,2.68,96.48,0.044792,0.02344,0.005964,0.005964,0.00306571
3.044651985168457,2.68,96.48,0.044792,0.02344,0.005964,0.005964,0.00306571
3.0740811824798584,2.68,96.48,0.044792,0.02344,0.005964,0.005964,0.00306571
3.1029767990112305,2.68,96.48,0.044792,0.02344,0.005964,0.005964,0.00306571
3.131805419921875,2.68,96.48,0.044792,0.02344,0.005964,0.005964,0.00306571
3.1609349250793457,2.68,96.48,0.044792,0.02344,0.005964,0.005964,0.00306571
3.1902801990509033,2.68,96.48,0.044792,0.02344,0.005964,0.005964,0.00306571
3.2209718227386475,2.68,96.48,0.044792,0.02344,0.005964,0.005964,0.00306571
3.2505180835723877,2.68,96.48,0.044792,0.02344,0.005964,0.005964,0.00306571
3.279705047607422,2.68,96.48,0.044792,0.02344,0.005964,0.005964,0.00306571
3.308870553970337,2.68,96.48,0.044792,0.02344,0.005964,0.005964,0.00306571
3.3377184867858887,2.68,96.48,0.044792,0.02344,0.005964,0.005964,0.00306571
3.366997718811035,2.68,96.48,0.044792,0.02344,0.005964,0.005964,0.00306571
3.3967244625091553,2.68,96.48,0.044792,0.02344,0.005964,0.005964,0.00306571
3.4255712032318115,2.68,96.48,0.044792,0.02344,0.005964,0.005964,0.00306571
3.454721450805664,2.68,96.48,0.044792,0.02344,0.005964,0.005964,0.00306571
3.4835448265075684,2.68,96.48,0.044792,0.02344,0.005964,0.005964,0.00306571
3.5127272605895996,2.68,96.48,0.044792,0.02344,0.005964,0.005964,0.00306571
3.541414737701416,2.68,96.48,0.044792,0.02344,0.005964,0.005964,0.00306571
3.5704989433288574,2.68,96.48,0.044792,0.02344,0.005964,0.005964,0.00306571
3.599341630935669,2.68,96.48,0.044792,0.02344,0.005964,0.005964,0.00306571
3.6283280849456787,2.68,96.48,0.044792,0.02344,0.005964,0.005964,0.00306571
3.657602071762085,2.68,96.48,0.044792,0.02344,0.005964,0.005964,0.00306571
3.686758041381836,2.68,96.48,0.044792,0.02344,0.005964,0.005964,0.00306571
3.716005802154541,2.68,96.48,0.044792,0.02344,0.005964,0.005964,0.00306571
3.744971513748169,2.68,96.48,0.044792,0.02344,0.005964,0.005964,0.00306571
3.774184226989746,2.68,96.48,0.044792,0.02344,0.005964,0.005964,0.00306571
3.8031206130981445,2.68,96.48,0.044792,0.02344,0.005964,0.005964,0.00306571
3.8323726654052734,2.68,96.48,0.044792,0.02344,0.005964,0.005964,0.00306571
3.8618640899658203,2.68,96.48,0.044792,0.02344,0.005964,0.005964,0.00306571
3.8911757469177246,2.68,96.48,0.044792,0.02344,0.005964,0.005964,0.00306571
3.9203786849975586,2.68,96.48,0.044792,0.02344,0.005964,0.005964,0.00306571
3.949819803237915,2.68,96.48,0.044792,0.02344,0.005964,0.005964,0.00306571
3.9788858890533447,2.68,96.48,0.044792,0.02344,0.005964,0.005964,0.00306571
4.0079123973846436,2.68,96.48,0.044792,0.02344,0.005964,0.005964,0.00306571
4.0368945598602295,2.68,96.48,0.044792,0.02344,0.005964,0.005964,0.00306571
4.065978050231934,2.68,96.48,0.044792,0.02344,0.005964,0.005964,0.00306571
4.094963550567627,2.68,96.48,0.044792,0.02344,0.005964,0.005964,0.00306571
4.124147891998291,2.68,96.48,0.044792,0.02344,0.005964,0.005964,0.00306571
4.152844667434692,2.68,96.48,0.044792,0.02344,0.005964,0.005964,0.00306571
4.182130813598633,2.68,96.48,0.044792,0.02344,0.005964,0.005964,0.00306571
4.210990905761719,2.68,96.48,0.044792,0.02344,0.005964,0.005964,0.00306571
4.239757537841797,2.68,96.48,0.044792,0.02344,0.005964,0.005964,0.00306571
4.268568754196167,2.68,96.48,0.044792,0.02344,0.005964,0.005964,0.00306571
4.297625303268433,2.68,96.48,0.044792,0.02344,0.005964,0.005964,0.00306571
4.326377868652344,2.68,96.48,0.044792,0.02344,0.005964,0.005964,0.00306571
4.355609655380249,2.68,96.48,0.044792,0.02344,0.005964,0.005964,0.00306571
4.384731769561768,2.68,96.48,0.044792,0.02344,0.005964,0.005964,0.00306571
4.414059400558472,2.68,96.48,0.044792,0.02344,0.005964,0.005964,0.00306571
4.442994117736816,2.68,96.48,0.044792,0.02344,0.005964,0.005964,0.00306571
4.471499681472778,2.68,96.48,0.044792,0.02344,0.005964,0.005964,0.00306571
4.500609874725342,2.68,96.48,0.044792,0.02344,0.005964,0.005964,0.00306571
4.52965784072876,2.68,96.48,0.044792,0.02344,0.005964,0.005964,0.00306571
4.558602809906006,2.68,96.48,0.044792,0.02344,0.005964,0.005964,0.00306571
4.587915420532227,2.68,96.48,0.044792,0.02344,0.005964,0.005964,0.00306571
4.617429971694946,2.68,96.48,0.044792,0.02344,0.005964,0.005964,0.00306571
4.6465818881988525,2.68,96.48,0.044792,0.02344,0.005964,0.005964,0.00306571
4.675676584243774,2.68,96.48,0.044792,0.02344,0.005964,0.005964,0.00306571
4.704943656921387,2.68,96.48,0.044792,0.02344,0.005964,0.005964,0.00306571
4.734140634536743,2.68,96.48,0.044792,0.02344,0.005964,0.005964,0.00306571
4.762826919555664,2.68,96.48,0.044792,0.02344,0.005964,0.005964,0.00306571
4.791885137557983,2.68,96.48,0.044792,0.02344,0.005964,0.005964,0.00306571
4.8208863735198975,2.68,96.48,0.044792,0.02344,0.005964,0.005964,0.00306571
4.849985599517822,2.68,96.48,0.044792,0.02344,0.005964,0.005964,0.00306571
4.881840229034424,2.68,96.48,0.044792,0.02344,0.005964,0.005964,0.00306571
4.910743236541748,2.68,96.48,0.044792,0.02344,0.005964,0.005964,0.00306571
4.9397594928741455,2.68,96.48,0.044792,0.02344,0.005964,0.005964,0.00306571
4.968753337860107,2.68,96.48,0.044792,0.02344,0.005964,0.005964,0.00306571
4.997806787490845,2.68,96.48,0.044792,0.02344,0.005964,0.005964,0.00306571
5.027113437652588,2.68,96.48,0.044792,0.02344,0.005964,0.005964,0.00306571
5.055885553359985,2.68,96.48,0.044792,0.02344,0.005964,0.005964,0.00306571
5.085257291793823,2.68,96.48,0.044792,0.02344,0.005964,0.005964,0.00306571
5.114269495010376,2.68,96.48,0.044792,0.02344,0.005964,0.005964,0.00306571
5.143358469009399,2.68,96.48,0.044792,0.02344,0.005964,0.005964,0.00306571
5.172396421432495,2.68,96.48,0.044792,0.02344,0.005964,0.005964,0.00306571
5.201422929763794,2.68,96.48,0.044792,0.02344,0.005964,0.005964,0.00306571
5.230254650115967,2.68,96.48,0.044792,0.02344,0.005964,0.005964,0.00306571
5.26274561882019,2.68,96.48,0.044792,0.02344,0.005964,0.005964,0.00306571
5.291839361190796,2.68,96.48,0.044792,0.02344,0.005964,0.005964,0.00306571
5.320988893508911,2.68,96.48,0.044792,0.02344,0.005964,0.005964,0.00306571
5.350045919418335,2.68,96.48,0.044792,0.02344,0.005964,0.005964,0.00306571
5.3790602684021,2.68,96.48,0.044792,0.02344,0.005964,0.005964,0.00306571
5.408123731613159,2.68,96.48,0.044792,0.02344,0.005964,0.005964,0.00306571
5.4369423389434814,2.68,96.48,0.044792,0.02344,0.005964,0.005964,0.00306571
5.46615743637085,2.68,96.48,0.044792,0.02344,0.005964,0.005964,0.00306571
5.4948344230651855,2.68,96.48,0.044792,0.02344,0.005964,0.005964,0.00306571
5.523670673370361,2.68,96.48,0.044792,0.02344,0.005964,0.005964,0.00306571
5.55261754989624,2.68,96.48,0.044792,0.02344,0.005964,0.005964,0.00306571
5.581711292266846,2.68,96.48,0.044792,0.02344,0.005964,0.005964,0.00306571
5.611074447631836,2.68,96.48,0.044792,0.02344,0.005964,0.005964,0.00306571
5.639903545379639,2.68,96.48,0.044792,0.02344,0.005964,0.005964,0.00306571
5.668788433074951,2.68,96.48,0.044792,0.02344,0.005964,0.005964,0.00306571
5.698787212371826,2.68,96.48,0.044792,0.02344,0.005964,0.005964,0.00306571
5.727550506591797,2.68,96.48,0.044792,0.02344,0.005964,0.005964,0.00306571
5.756454706192017,2.68,96.48,0.044792,0.02344,0.005964,0.005964,0.00306571
5.785303354263306,2.68,96.48,0.044792,0.02344,0.005964,0.005964,0.00306571
5.814647674560547,2.68,96.48,0.044792,0.02344,0.005964,0.005964,0.00306571
5.844045877456665,2.68,96.48,0.044792,0.02344,0.005964,0.005964,0.00306571
5.874719142913818,2.68,96.48,0.044792,0.02344,0.005964,0.005964,0.00306571
5.904078245162964,2.68,96.48,0.044792,0.02344,0.005964,0.005964,0.00306571
5.933171033859253,2.68,96.48,0.044792,0.02344,0.005964,0.005964,0.00306571
5.961734056472778,2.68,96.48,0.044792,0.02344,0.005964,0.005964,0.00306571
5.99077296257019,2.68,96.48,0.044792,0.02344,0.005964,0.005964,0.00306571
6.020143508911133,2.68,96.48,0.044792,0.02344,0.005964,0.005964,0.00306571
6.048943281173706,2.68,96.48,0.044792,0.02344,0.005964,0.005964,0.00306571
6.0780603885650635,2.68,96.48,0.044792,0.02344,0.005964,0.005964,0.00306571
6.107065677642822,2.68,96.48,0.044792,0.02344,0.005964,0.005964,0.00306571
6.136119842529297,2.68,96.48,0.044792,0.02344,0.005964,0.005964,0.00306571
6.165283203125,2.68,96.48,0.044792,0.02344,0.005964,0.005964,0.00306571
6.194530248641968,2.68,96.48,0.044792,0.02344,0.005964,0.005964,0.00306571
6.223478555679321,2.68,96.48,0.044792,0.02344,0.005964,0.005964,0.00306571
6.252303123474121,2.68,96.48,0.044792,0.02344,0.005964,0.005964,0.00306571
6.283466577529907,2.68,96.48,0.044792,0.02344,0.005964,0.005964,0.00306571
6.3122923374176025,2.68,96.48,0.044792,0.02344,0.005964,0.005964,0.00306571
6.341504812240601,2.68,96.48,0.044792,0.02344,0.005964,0.005964,0.00306571
6.370459079742432,2.68,96.48,0.044792,0.02344,0.005964,0.005964,0.00306571
6.399192810058594,2.68,96.48,0.044792,0.02344,0.005964,0.005964,0.00306571
6.428569078445435,2.68,96.48,0.044792,0.02344,0.005964,0.005964,0.00306571
6.457241773605347,2.68,96.48,0.044792,0.02344,0.005964,0.005964,0.00306571
6.486185789108276,2.68,96.48,0.044792,0.02344,0.005964,0.005964,0.00306571
6.515294551849365,2.68,96.48,0.044792,0.02344,0.005964,0.005964,0.00306571
6.544496297836304,2.68,96.48,0.044792,0.02344,0.005964,0.005964,0.00306571
6.57313871383667,2.68,96.48,0.044792,0.02344,0.005964,0.005964,0.00306571
6.602459907531738,2.68,96.48,0.044792,0.02344,0.005964,0.005964,0.00306571
6.631207704544067,2.68,96.48,0.044792,0.02344,0.005964,0.005964,0.00306571
6.660105466842651,2.68,96.48,0.044792,0.02344,0.005964,0.005964,0.00306571
6.68911337852478,2.68,96.48,0.044792,0.02344,0.005964,0.005964,0.00306571
6.71777868270874,2.68,96.48,0.044792,0.02344,0.005964,0.005964,0.00306571
6.746794700622559,2.68,96.48,0.044792,0.02344,0.005964,0.005964,0.00306571
6.775625705718994,2.68,96.48,0.044792,0.02344,0.005964,0.005964,0.00306571
6.8051066398620605,2.68,96.48,0.044792,0.02344,0.005964,0.005964,0.00306571
6.834141731262207,2.68,96.48,0.044792,0.02344,0.005964,0.005964,0.00306571
6.863215446472168,2.68,96.48,0.044792,0.02344,0.005964,0.005964,0.00306571
6.8921661376953125,2.68,96.48,0.044792,0.02344,0.005964,0.005964,0.00306571
6.921177387237549,2.68,96.48,0.044792,0.02344,0.005964,0.005964,0.00306571
6.95020055770874,2.68,96.48,0.044792,0.02344,0.005964,0.005964,0.00306571
6.978982210159302,2.68,96.48,0.044792,0.02344,0.005964,0.005964,0.00306571
7.0080296993255615,2.68,96.48,0.044792,0.02344,0.005964,0.005964,0.00306571
7.036830425262451,2.68,96.48,0.044792,0.02344,0.005964,0.005964,0.00306571
7.067003011703491,2.68,96.48,0.044792,0.02344,0.005964,0.005964,0.00306571
7.095842361450195,2.68,96.48,0.044792,0.02344,0.005964,0.005964,0.00306571
7.124645709991455,2.68,96.48,0.044792,0.02344,0.005964,0.005964,0.00306571
7.153579235076904,2.68,96.48,0.044792,0.02344,0.005964,0.005964,0.00306571
7.182760000228882,2.68,96.48,0.044792,0.02344,0.005964,0.005964,0.00306571
7.212056636810303,2.68,96.48,0.044792,0.02344,0.005964,0.005964,0.00306571
7.240789890289307,2.68,96.48,0.044792,0.02344,0.005964,0.005964,0.00306571
7.273011684417725,2.68,96.48,0.044792,0.02344,0.005964,0.005964,0.00306571
7.301918983459473,2.68,96.48,0.044792,0.02344,0.005964,0.005964,0.00306571
7.331008434295654,2.68,96.48,0.044792,0.02344,0.005964,0.005964,0.00306571
7.360156059265137,2.68,96.48,0.044792,0.02344,0.005964,0.005964,0.00306571
7.389211654663086,2.68,96.48,0.044792,0.02344,0.005964,0.005964,0.00306571
7.418393611907959,2.68,96.48,0.044792,0.02344,0.005964,0.005964,0.00306571
7.4471564292907715,2.68,96.48,0.044792,0.02344,0.005964,0.005964,0.00306571
7.476207971572876,2.68,96.48,0.044792,0.02344,0.005964,0.005964,0.00306571
7.505369663238525,2.68,96.48,0.044792,0.02344,0.005964,0.005964,0.00306571
7.5341246128082275,2.68,96.48,0.044792,0.02344,0.005964,0.005964,0.00306571
7.563026666641235,2.68,96.48,0.044792,0.02344,0.005964,0.005964,0.00306571
7.592134475708008,2.68,96.48,0.044792,0.02344,0.005964,0.005964,0.00306571
7.621082782745361,2.68,96.48,0.044792,0.02344,0.005964,0.005964,0.00306571
7.650237321853638,2.68,96.48,0.044792,0.02344,0.005964,0.005964,0.00306571
7.679235935211182,2.68,96.48,0.044792,0.02344,0.005964,0.005964,0.00306571
7.708054065704346,2.68,96.48,0.044792,0.02344,0.005964,0.005964,0.00306571
7.7371625900268555,2.68,96.48,0.044792,0.02344,0.005964,0.005964,0.00306571
7.766136646270752,2.68,96.48,0.044792,0.02344,0.005964,0.005964,0.00306571
7.795050621032715,2.68,96.48,0.044792,0.02344,0.005964,0.005964,0.00306571
7.8240344524383545,2.68,96.48,0.044792,0.02344,0.005964,0.005964,0.00306571
7.8527750968933105,2.68,96.48,0.044792,0.02344,0.005964,0.005964,0.00306571
7.88327956199646,2.68,96.48,0.044792,0.02344,0.005964,0.005964,0.00306571
7.912673473358154,2.68,96.48,0.044792,0.02344,0.005964,0.005964,0.00306571
7.941459894180298,2.68,96.48,0.044792,0.02344,0.005964,0.005964,0.00306571
7.9704248905181885,2.68,96.48,0.044792,0.02344,0.005964,0.005964,0.00306571
8.001054763793945,2.68,96.48,0.044792,0.02344,0.005964,0.005964,0.00306571
8.030554056167603,2.68,96.48,0.044792,0.02344,0.005964,0.005964,0.00306571
8.059074401855469,2.68,96.48,0.044792,0.02344,0.005964,0.005964,0.00306571
8.087997198104858,2.68,96.48,0.044792,0.02344,0.005964,0.005964,0.00306571
8.117276430130005,2.68,96.48,0.044792,0.02344,0.005964,0.005964,0.00306571
8.14649486541748,2.68,96.48,0.044792,0.02344,0.005964,0.005964,0.00306571
8.175185203552246,2.68,96.48,0.044792,0.02344,0.005964,0.005964,0.00306571
8.204101324081421,2.68,96.48,0.044792,0.02344,0.005964,0.005964,0.00306571
8.233409404754639,2.68,96.48,0.044792,0.02344,0.005964,0.005964,0.00306571
8.262090682983398,2.68,96.48,0.044792,0.02344,0.005964,0.005964,0.00306571
8.29288935661316,2.68,96.48,0.044792,0.02344,0.005964,0.005964,0.00306571
8.322309255599976,2.68,96.48,0.044792,0.02344,0.005964,0.005964,0.00306571
8.351325511932373,2.68,96.48,0.044792,0.02344,0.005964,0.005964,0.00306571
8.38046383857727,2.68,96.48,0.044792,0.02344,0.005964,0.005964,0.00306571
8.40964126586914,2.68,96.48,0.044792,0.02344,0.005964,0.005964,0.00306571
8.438596963882446,2.68,96.48,0.044792,0.02344,0.005964,0.005964,0.00306571
8.467598915100098,2.68,96.48,0.044792,0.02344,0.005964,0.005964,0.00306571
8.496381282806396,2.68,96.48,0.044792,0.02344,0.005964,0.005964,0.00306571
8.525712013244629,2.68,96.48,0.044792,0.02344,0.005964,0.005964,0.00306571
8.554895401000977,2.68,96.48,0.044792,0.02344,0.005964,0.005964,0.00306571
8.583900451660156,2.68,96.48,0.044792,0.02344,0.005964,0.005964,0.00306571
8.614400148391724,2.68,96.48,0.044792,0.02344,0.005964,0.005964,0.00306571
8.643184185028076,2.68,96.48,0.044792,0.02344,0.005964,0.005964,0.00306571
8.671966552734375,2.68,96.48,0.044792,0.02344,0.005964,0.005964,0.00306571
8.702187776565552,2.68,96.48,0.044792,0.02344,0.005964,0.005964,0.00306571
8.730841398239136,2.68,96.48,0.044792,0.02344,0.005964,0.005964,0.00306571
8.76026701927185,2.68,96.48,0.044792,0.02344,0.005964,0.005964,0.00306571
8.788811206817627,2.68,96.48,0.044792,0.02344,0.005964,0.005964,0.00306571
8.818063974380493,2.68,96.48,0.044792,0.02344,0.005964,0.005964,0.00306571
8.846880197525024,2.68,96.48,0.044792,0.02344,0.005964,0.005964,0.00306571
8.876238107681274,2.68,96.48,0.044792,0.02344,0.005964,0.005964,0.00306571
8.905408143997192,2.68,96.48,0.044792,0.02344,0.005964,0.005964,0.00306571
8.934631109237671,2.68,96.48,0.044792,0.02344,0.005964,0.005964,0.00306571
8.963414907455444,2.68,96.48,0.044792,0.02344,0.005964,0.005964,0.00306571
8.992307662963867,2.68,96.48,0.044792,0.02344,0.005964,0.005964,0.00306571
9.021254301071167,2.68,96.48,0.044792,0.02344,0.005964,0.005964,0.00306571
9.05031156539917,2.68,96.48,0.044792,0.02344,0.005964,0.005964,0.00306571
9.079156875610352,2.68,96.48,0.044792,0.02344,0.005964,0.005964,0.00306571
9.108227729797363,2.68,96.48,0.044792,0.02344,0.005964,0.005964,0.00306571
9.137204647064209,2.68,96.48,0.044792,0.02344,0.005964,0.005964,0.00306571
9.166178464889526,2.68,96.48,0.044792,0.02344,0.005964,0.005964,0.00306571
9.195267915725708,2.68,96.48,0.044792,0.02344,0.005964,0.005964,0.00306571
9.224620819091797,2.68,96.48,0.044792,0.02344,0.005964,0.005964,0.00306571
9.253529071807861,2.68,96.48,0.044792,0.02344,0.005964,0.005964,0.00306571
9.282538890838623,2.68,96.48,0.044792,0.02344,0.005964,0.005964,0.00306571
9.313362836837769,2.68,96.48,0.044792,0.02344,0.005964,0.005964,0.00306571
9.342509508132935,2.68,96.48,0.044792,0.02344,0.005964,0.005964,0.00306571
9.371622085571289,2.68,96.48,0.044792,0.02344,0.005964,0.005964,0.00306571
9.400465250015259,2.68,96.48,0.044792,0.02344,0.005964,0.005964,0.00306571
9.429467916488647,2.68,96.48,0.044792,0.02344,0.005964,0.005964,0.00306571
9.45833945274353,2.68,96.48,0.044792,0.02344,0.005964,0.005964,0.00306571
9.48737382888794,2.68,96.48,0.044792,0.02344,0.005964,0.005964,0.00306571
9.516397714614868,2.68,96.48,0.044792,0.02344,0.005964,0.005964,0.00306571
9.545335292816162,2.68,96.48,0.044792,0.02344,0.005964,0.005964,0.00306571
9.574146747589111,2.68,96.48,0.044792,0.02344,0.005964,0.005964,0.00306571
9.602908611297607,2.68,96.48,0.044792,0.02344,0.005964,0.005964,0.00306571
9.632150411605835,2.68,96.48,0.044792,0.02344,0.005964,0.005964,0.00306571
9.66114854812622,2.68,96.48,0.044792,0.02344,0.005964,0.005964,0.00306571
9.690407752990723,2.68,96.48,0.044792,0.02344,0.005964,0.005964,0.00306571
9.719159364700317,2.68,96.48,0.044792,0.02344,0.005964,0.005964,0.00306571
9.748618841171265,2.68,96.48,0.044792,0.02344,0.005964,0.005964,0.00306571
9.77711534500122,2.68,96.48,0.044792,0.02344,0.005964,0.005964,0.00306571
9.806450605392456,2.68,96.48,0.044792,0.02344,0.005964,0.005964,0.00306571
9.835572481155396,2.68,96.48,0.044792,0.02344,0.005964,0.005964,0.00306571
9.86508059501648,2.68,96.48,0.044792,0.02344,0.005964,0.005964,0.00306571
9.894027709960938,2.68,96.48,0.044792,0.02344,0.005964,0.005964,0.00306571
9.92361330986023,2.68,96.48,0.044792,0.02344,0.005964,0.005964,0.00306571
9.952125310897827,2.68,96.48,0.044792,0.02344,0.005964,0.005964,0.00306571
9.981194257736206,2.68,96.48,0.044792,0.02344,0.005964,0.005964,0.00306571
10.010085821151733,2.68,96.48,0.044792,0.02344,0.005964,0.005964,0.00306571
10.0390784740448,2.68,96.48,0.044792,0.02344,0.005964,0.005964,0.00306571
10.067992925643921,2.68,96.48,0.044792,0.02344,0.005964,0.005964,0.00306571
10.096846342086792,2.68,96.48,0.044792,0.02344,0.005964,0.005964,0.00306571
10.12591004371643,2.68,96.48,0.044792,0.02344,0.005964,0.005964,0.00306571
10.154820442199707,2.68,96.48,0.044792,0.02344,0.005964,0.005964,0.00306571
10.183818340301514,2.68,96.48,0.044792,0.02344,0.005964,0.005964,0.00306571
10.212563037872314,2.68,96.48,0.044792,0.02344,0.005964,0.005964,0.00306571
10.24183464050293,2.68,96.48,0.044792,0.02344,0.005964,0.005964,0.00306571
10.270591735839844,2.68,96.48,0.044792,0.02344,0.005964,0.005964,0.00306571
10.301204204559326,2.68,96.48,0.044792,0.02344,0.005964,0.005964,0.00306571
10.330407857894897,2.68,96.48,0.044792,0.02344,0.005964,0.005964,0.00306571
10.359590291976929,2.68,96.48,0.044792,0.02344,0.005964,0.005964,0.00306571
10.388396978378296,2.68,96.48,0.044792,0.02344,0.005964,0.005964,0.00306571
10.417880535125732,2.68,96.48,0.044792,0.02344,0.005964,0.005964,0.00306571
10.446597337722778,2.68,96.48,0.044792,0.02344,0.005964,0.005964,0.00306571
10.475863695144653,2.68,96.48,0.044792,0.02344,0.005964,0.005964,0.00306571
10.50471305847168,2.68,96.48,0.044792,0.02344,0.005964,0.005964,0.00306571
10.533411026000977,2.68,96.48,0.044792,0.02344,0.005964,0.005964,0.00306571
10.562475681304932,2.68,96.48,0.044792,0.02344,0.005964,0.005964,0.00306571
10.59141993522644,2.68,96.48,0.044792,0.02344,0.005964,0.005964,0.00306571
10.620460510253906,2.68,96.48,0.044792,0.02344,0.005964,0.005964,0.00306571
10.649525880813599,2.68,96.48,0.044792,0.02344,0.005964,0.005964,0.00306571
10.678273677825928,2.68,96.48,0.044792,0.02344,0.005964,0.005964,0.00306571
10.707215547561646,2.68,96.48,0.044792,0.02344,0.005964,0.005964,0.00306571
10.736175775527954,2.68,96.48,0.044792,0.02344,0.005964,0.005964,0.00306571
10.765633583068848,2.68,96.48,0.044792,0.02344,0.005964,0.005964,0.00306571
10.794325828552246,2.68,96.48,0.044792,0.02344,0.005964,0.005964,0.00306571
10.823616743087769,2.68,96.48,0.044792,0.02344,0.005964,0.005964,0.00306571
10.852493524551392,2.68,96.48,0.044792,0.02344,0.005964,0.005964,0.00306571
10.88237977027893,2.68,96.48,0.044792,0.02344,0.005964,0.005964,0.00306571
10.911325454711914,2.68,96.48,0.044792,0.02344,0.005964,0.005964,0.00306571
10.940417766571045,2.68,96.48,0.044792,0.02344,0.005964,0.005964,0.00306571
10.969619035720825,2.68,96.48,0.044792,0.02344,0.005964,0.005964,0.00306571
10.998886823654175,2.68,96.48,0.044792,0.02344,0.005964,0.005964,0.00306571
11.027859926223755,2.68,96.48,0.044792,0.02344,0.005964,0.005964,0.00306571
11.057491540908813,2.68,96.48,0.044792,0.02344,0.005964,0.005964,0.00306571
11.086355686187744,2.68,96.48,0.044792,0.02344,0.005964,0.005964,0.00306571
11.115493059158325,2.68,96.48,0.044792,0.02344,0.005964,0.005964,0.00306571
11.144635438919067,2.68,96.48,0.044792,0.02344,0.005964,0.005964,0.00306571
11.173298597335815,2.68,96.48,0.044792,0.02344,0.005964,0.005964,0.00306571
11.202221155166626,2.68,96.48,0.044792,0.02344,0.005964,0.005964,0.00306571
11.231438875198364,2.68,96.48,0.044792,0.02344,0.005964,0.005964,0.00306571
11.260178089141846,2.68,96.48,0.044792,0.02344,0.005964,0.005964,0.00306571
11.289168119430542,2.68,96.48,0.044792,0.02344,0.005964,0.005964,0.00306571
11.320087432861328,2.68,96.48,0.044792,0.02344,0.005964,0.005964,0.00306571
11.349228858947754,2.68,96.48,0.044792,0.02344,0.005964,0.005964,0.00306571
11.378378629684448,2.68,96.48,0.044792,0.02344,0.005964,0.005964,0.00306571
11.408402442932129,2.68,96.48,0.044792,0.02344,0.005964,0.005964,0.00306571
11.437177896499634,2.68,96.48,0.044792,0.02344,0.005964,0.005964,0.00306571
11.465913772583008,2.68,96.48,0.044792,0.02344,0.005964,0.005964,0.00306571
11.494846820831299,2.68,96.48,0.044792,0.02344,0.005964,0.005964,0.00306571
11.523706674575806,2.68,96.48,0.044792,0.02344,0.005964,0.005964,0.00306571
11.552791118621826,2.68,96.48,0.044792,0.02344,0.005964,0.005964,0.00306571
11.5818772315979,2.68,96.48,0.044792,0.02344,0.005964,0.005964,0.00306571
11.611112833023071,2.68,96.48,0.044792,0.02344,0.005964,0.005964,0.00306571
11.640207767486572,2.68,96.48,0.044792,0.02344,0.005964,0.005964,0.00306571
11.669288873672485,2.68,96.48,0.044792,0.02344,0.005964,0.005964,0.00306571
11.6984384059906,2.68,96.48,0.044792,0.02344,0.005964,0.005964,0.00306571
11.727122068405151,2.68,96.48,0.044792,0.02344,0.005964,0.005964,0.00306571
11.756222009658813,2.68,96.48,0.044792,0.02344,0.005964,0.005964,0.00306571
11.78533124923706,2.68,96.48,0.044792,0.02344,0.005964,0.005964,0.00306571
11.814260005950928,2.68,96.48,0.044792,0.02344,0.005964,0.005964,0.00306571
11.84328293800354,2.68,96.48,0.044792,0.02344,0.005964,0.005964,0.00306571
11.872418642044067,2.68,96.48,0.044792,0.02344,0.005964,0.005964,0.00306571
11.901424646377563,2.68,96.48,0.044792,0.02344,0.005964,0.005964,0.00306571
11.930670976638794,2.68,96.48,0.044792,0.02344,0.005964,0.005964,0.00306571
11.959991455078125,2.68,96.48,0.044792,0.02344,0.005964,0.005964,0.00306571
11.98952341079712,2.68,96.48,0.044792,0.02344,0.005964,0.005964,0.00306571
12.018340587615967,2.68,96.48,0.044792,0.02344,0.005964,0.005964,0.00306571
12.04742693901062,2.68,96.48,0.044792,0.02344,0.005964,0.005964,0.00306571
12.07647442817688,2.68,96.48,0.044792,0.02344,0.005964,0.005964,0.00306571
12.105317831039429,2.68,96.48,0.044792,0.02344,0.005964,0.005964,0.00306571
12.13422417640686,2.68,96.48,0.044792,0.02344,0.005964,0.005964,0.00306571
12.163254261016846,2.68,96.48,0.044792,0.02344,0.005964,0.005964,0.00306571
12.192128419876099,2.68,96.48,0.044792,0.02344,0.005964,0.005964,0.00306571
12.22122859954834,2.68,96.48,0.044792,0.02344,0.005964,0.005964,0.00306571
12.250226974487305,2.68,96.48,0.044792,0.02344,0.005964,0.005964,0.00306571
12.279101371765137,2.68,96.48,0.044792,0.02344,0.005964,0.005964,0.00306571
12.308088302612305,2.68,96.48,0.044792,0.02344,0.005964,0.005964,0.00306571
12.33898639678955,2.68,96.48,0.044792,0.02344,0.005964,0.005964,0.00306571
12.367980003356934,2.68,96.48,0.044792,0.02344,0.005964,0.005964,0.00306571
12.39712142944336,2.68,96.48,0.044792,0.02344,0.005964,0.005964,0.00306571
12.425909996032715,2.68,96.48,0.044792,0.02344,0.005964,0.005964,0.00306571
12.454988479614258,2.68,96.48,0.044792,0.02344,0.005964,0.005964,0.00306571
12.48416519165039,2.68,96.48,0.044792,0.02344,0.005964,0.005964,0.00306571
12.513117790222168,2.68,96.48,0.044792,0.02344,0.005964,0.005964,0.00306571
12.54190444946289,2.68,96.48,0.044792,0.02344,0.005964,0.005964,0.00306571
12.57094120979309,2.68,96.48,0.044792,0.02344,0.005964,0.005964,0.00306571
12.599910974502563,2.68,96.48,0.044792,0.02344,0.005964,0.005964,0.00306571
12.628808498382568,2.68,96.48,0.044792,0.02344,0.005964,0.005964,0.00306571
12.657927989959717,2.68,96.48,0.044792,0.02344,0.005964,0.005964,0.00306571
12.68694019317627,2.68,96.48,0.044792,0.02344,0.005964,0.005964,0.00306571
12.715989828109741,2.68,96.48,0.044792,0.02344,0.005964,0.005964,0.00306571
12.744725465774536,2.68,96.48,0.044792,0.02344,0.005964,0.005964,0.00306571
12.773844957351685,2.68,96.48,0.044792,0.02344,0.005964,0.005964,0.00306571
12.802682399749756,2.68,96.48,0.044792,0.02344,0.005964,0.005964,0.00306571
12.832098007202148,2.68,96.48,0.044792,0.02344,0.005964,0.005964,0.00306571
12.861432313919067,2.68,96.48,0.044792,0.02344,0.005964,0.005964,0.00306571
12.890494108200073,2.68,96.48,0.044792,0.02344,0.005964,0.005964,0.00306571
12.91945481300354,2.68,96.48,0.044792,0.02344,0.005964,0.005964,0.00306571
12.948778629302979,2.68,96.48,0.044792,0.02344,0.005964,0.005964,0.00306571
12.977983713150024,2.68,96.48,0.044792,0.02344,0.005964,0.005964,0.00306571
13.00681757926941,2.68,96.48,0.044792,0.02344,0.005964,0.005964,0.00306571
13.036020755767822,2.68,96.48,0.044792,0.02344,0.005964,0.005964,0.00306571
13.065208196640015,2.68,96.48,0.044792,0.02344,0.005964,0.005964,0.00306571
13.093751907348633,2.68,96.48,0.044792,0.02344,0.005964,0.005964,0.00306571
13.12279725074768,2.68,96.48,0.044792,0.02344,0.005964,0.005964,0.00306571
13.151730060577393,2.68,96.48,0.044792,0.02344,0.005964,0.005964,0.00306571
13.181001424789429,2.68,96.48,0.044792,0.02344,0.005964,0.005964,0.00306571
13.20979380607605,2.68,96.48,0.044792,0.02344,0.005964,0.005964,0.00306571
13.238646984100342,2.68,96.48,0.044792,0.02344,0.005964,0.005964,0.00306571
13.26764464378357,2.68,96.48,0.044792,0.02344,0.005964,0.005964,0.00306571
13.29652190208435,2.68,96.48,0.044792,0.02344,0.005964,0.005964,0.00306571
13.327485084533691,2.68,96.48,0.044792,0.02344,0.005964,0.005964,0.00306571
13.356933116912842,2.68,96.48,0.044792,0.02344,0.005964,0.005964,0.00306571
13.385975122451782,2.68,96.48,0.044792,0.02344,0.005964,0.005964,0.00306571
13.414866924285889,2.68,96.48,0.044792,0.02344,0.005964,0.005964,0.00306571
13.443980693817139,2.68,96.48,0.044792,0.02344,0.005964,0.005964,0.00306571
13.473184585571289,2.68,96.48,0.044792,0.02344,0.005964,0.005964,0.00306571
13.501935005187988,2.68,96.48,0.044792,0.02344,0.005964,0.005964,0.00306571
13.531128644943237,2.68,96.48,0.044792,0.02344,0.005964,0.005964,0.00306571
13.559700727462769,2.68,96.48,0.044792,0.02344,0.005964,0.005964,0.00306571
13.588794469833374,2.68,96.48,0.044792,0.02344,0.005964,0.005964,0.00306571
13.61766529083252,2.68,96.48,0.044792,0.02344,0.005964,0.005964,0.00306571
13.646923542022705,2.68,96.48,0.044792,0.02344,0.005964,0.005964,0.00306571
13.675720930099487,2.68,96.48,0.044792,0.02344,0.005964,0.005964,0.00306571
13.704866886138916,2.68,96.48,0.044792,0.02344,0.005964,0.005964,0.00306571
13.73355770111084,2.68,96.48,0.044792,0.02344,0.005964,0.005964,0.00306571
13.762686491012573,2.68,96.48,0.044792,0.02344,0.005964,0.005964,0.00306571
13.791799783706665,2.68,96.48,0.044792,0.02344,0.005964,0.005964,0.00306571
13.821058988571167,2.68,96.48,0.044792,0.02344,0.005964,0.005964,0.00306571
13.850082397460938,2.68,96.48,0.044792,0.02344,0.005964,0.005964,0.00306571
13.879472255706787,2.68,96.48,0.044792,0.02344,0.005964,0.005964,0.00306571
13.90837836265564,2.68,96.48,0.044792,0.02344,0.005964,0.005964,0.00306571
13.937294244766235,2.68,96.48,0.044792,0.02344,0.005964,0.005964,0.00306571
13.966441869735718,2.68,96.48,0.044792,0.02344,0.005964,0.005964,0.00306571
13.995660543441772,2.68,96.48,0.044792,0.02344,0.005964,0.005964,0.00306571
14.024812459945679,2.68,96.48,0.044792,0.02344,0.005964,0.005964,0.00306571
14.05374264717102,2.68,96.48,0.044792,0.02344,0.005964,0.005964,0.00306571
14.082724809646606,2.68,96.48,0.044792,0.02344,0.005964,0.005964,0.00306571
14.11163854598999,2.68,96.48,0.044792,0.02344,0.005964,0.005964,0.00306571
14.140596628189087,2.68,96.48,0.044792,0.02344,0.005964,0.005964,0.00306571
14.169366598129272,2.68,96.48,0.044792,0.02344,0.005964,0.005964,0.00306571
14.199517488479614,2.68,96.48,0.044792,0.02344,0.005964,0.005964,0.00306571
14.228566408157349,2.68,96.48,0.044792,0.02344,0.005964,0.005964,0.00306571
14.257556438446045,2.68,96.48,0.044792,0.02344,0.005964,0.005964,0.00306571
14.286365270614624,2.68,96.48,0.044792,0.02344,0.005964,0.005964,0.00306571
14.315338373184204,2.68,96.48,0.044792,0.02344,0.005964,0.005964,0.00306571
14.346705675125122,2.68,96.48,0.044792,0.02344,0.005964,0.005964,0.00306571
14.37551212310791,2.68,96.48,0.044792,0.02344,0.005964,0.005964,0.00306571
14.404465436935425,2.68,96.48,0.044792,0.02344,0.005964,0.005964,0.00306571
14.433420896530151,2.68,96.48,0.044792,0.02344,0.005964,0.005964,0.00306571
14.462721824645996,2.68,96.48,0.044792,0.02344,0.005964,0.005964,0.00306571
14.491756677627563,2.68,96.48,0.044792,0.02344,0.005964,0.005964,0.00306571
14.520660400390625,2.68,96.48,0.044792,0.02344,0.005964,0.005964,0.00306571
14.549699306488037,2.68,96.48,0.044792,0.02344,0.005964,0.005964,0.00306571
14.578826189041138,2.68,96.48,0.044792,0.02344,0.005964,0.005964,0.00306571
14.608061075210571,2.68,96.48,0.044792,0.02344,0.005964,0.005964,0.00306571
14.63710904121399,2.68,96.48,0.044792,0.02344,0.005964,0.005964,0.00306571
14.666538953781128,2.68,96.48,0.044792,0.02344,0.005964,0.005964,0.00306571
14.695475339889526,2.68,96.48,0.044792,0.02344,0.005964,0.005964,0.00306571
14.724254369735718,2.68,96.48,0.044792,0.02344,0.005964,0.005964,0.00306571
14.753113269805908,2.68,96.48,0.044792,0.02344,0.005964,0.005964,0.00306571
14.7823326587677,2.68,96.48,0.044792,0.02344,0.005964,0.005964,0.00306571
14.811401605606079,2.68,96.48,0.044792,0.02344,0.005964,0.005964,0.00306571
14.84034013748169,2.68,96.48,0.044792,0.02344,0.005964,0.005964,0.00306571
14.869834899902344,2.68,96.48,0.044792,0.02344,0.005964,0.005964,0.00306571
14.89894413948059,2.68,96.48,0.044792,0.02344,0.005964,0.005964,0.00306571
14.927720546722412,2.68,96.48,0.044792,0.02344,0.005964,0.005964,0.00306571
14.956825494766235,2.68,96.48,0.044792,0.02344,0.005964,0.005964,0.00306571
14.986060619354248,2.68,96.48,0.044792,0.02344,0.005964,0.005964,0.00306571
15.014936447143555,2.68,96.48,0.044792,0.02344,0.005964,0.005964,0.00306571
15.043985605239868,2.68,96.48,0.044792,0.02344,0.005964,0.005964,0.00306571
15.073472738265991,2.68,96.48,0.044792,0.02344,0.005964,0.005964,0.00306571
15.102033615112305,2.68,96.48,0.044792,0.02344,0.005964,0.005964,0.00306571
15.131077289581299,2.68,96.48,0.044792,0.02344,0.005964,0.005964,0.00306571
15.159838438034058,2.68,96.48,0.044792,0.02344,0.005964,0.005964,0.00306571
15.189055442810059,2.68,96.48,0.044792,0.02344,0.005964,0.005964,0.00306571
15.217903137207031,2.68,96.48,0.044792,0.02344,0.005964,0.005964,0.00306571
15.247185945510864,2.68,96.48,0.044792,0.02344,0.005964,0.005964,0.00306571
15.276272058486938,2.68,96.48,0.044792,0.02344,0.005964,0.005964,0.00306571
15.305138349533081,2.68,96.48,0.044792,0.02344,0.005964,0.005964,0.00306571
15.333930730819702,2.68,96.48,0.044792,0.02344,0.005964,0.005964,0.00306571
15.365108013153076,2.68,96.48,0.044792,0.02344,0.005964,0.005964,0.00306571
15.394134521484375,2.68,96.48,0.044792,0.02344,0.005964,0.005964,0.00306571
15.42296814918518,2.68,96.48,0.044792,0.02344,0.005964,0.005964,0.00306571
15.452116012573242,2.68,96.48,0.044792,0.02344,0.005964,0.005964,0.00306571
15.481511354446411,2.68,96.48,0.044792,0.02344,0.005964,0.005964,0.00306571
15.510468482971191,2.68,96.48,0.044792,0.02344,0.005964,0.005964,0.00306571
15.53925371170044,2.68,96.48,0.044792,0.02344,0.005964,0.005964,0.00306571
15.568454027175903,2.68,96.48,0.044792,0.02344,0.005964,0.005964,0.00306571
15.597444772720337,2.68,96.48,0.044792,0.02344,0.005964,0.005964,0.00306571
15.626543045043945,2.68,96.48,0.044792,0.02344,0.005964,0.005964,0.00306571
15.655432939529419,2.68,96.48,0.044792,0.02344,0.005964,0.005964,0.00306571
15.684478521347046,2.68,96.48,0.044792,0.02344,0.005964,0.005964,0.00306571
15.714773893356323,2.68,96.48,0.044792,0.02344,0.005964,0.005964,0.00306571
15.74357557296753,2.68,96.48,0.044792,0.02344,0.005964,0.005964,0.00306571
15.772415161132812,2.68,96.48,0.044792,0.02344,0.005964,0.005964,0.00306571
15.801602125167847,2.68,96.48,0.044792,0.02344,0.005964,0.005964,0.00306571
15.830754280090332,2.68,96.48,0.044792,0.02344,0.005964,0.005964,0.00306571
15.860302209854126,2.68,96.48,0.044792,0.02344,0.005964,0.005964,0.00306571
15.889564990997314,2.68,96.48,0.044792,0.02344,0.005964,0.005964,0.00306571
15.918408393859863,2.68,96.48,0.044792,0.02344,0.005964,0.005964,0.00306571
15.947819471359253,2.68,96.48,0.044792,0.02344,0.005964,0.005964,0.00306571
15.976720094680786,2.68,96.48,0.044792,0.02344,0.005964,0.005964,0.00306571
16.005677461624146,2.68,96.48,0.044792,0.02344,0.005964,0.005964,0.00306571
16.035115718841553,2.68,96.48,0.044792,0.02344,0.005964,0.005964,0.00306571
16.06431794166565,2.68,96.48,0.044792,0.02344,0.005964,0.005964,0.00306571
16.092933416366577,2.68,96.48,0.044792,0.02344,0.005964,0.005964,0.00306571
16.121776342391968,2.68,96.48,0.044792,0.02344,0.005964,0.005964,0.00306571
16.151070594787598,2.68,96.48,0.044792,0.02344,0.005964,0.005964,0.00306571
16.180051803588867,2.68,96.48,0.044792,0.02344,0.005964,0.005964,0.00306571
16.208767414093018,2.68,96.48,0.044792,0.02344,0.005964,0.005964,0.00306571
16.23767852783203,2.68,96.48,0.044792,0.02344,0.005964,0.005964,0.00306571
16.266929626464844,2.68,96.48,0.044792,0.02344,0.005964,0.005964,0.00306571
16.296162605285645,2.68,96.48,0.044792,0.02344,0.005964,0.005964,0.00306571
16.325057983398438,2.68,96.48,0.044792,0.02344,0.005964,0.005964,0.00306571
16.356748580932617,2.68,96.48,0.044792,0.02344,0.005964,0.005964,0.00306571
16.385960578918457,2.68,96.48,0.044792,0.02344,0.005964,0.005964,0.00306571
16.415408611297607,2.68,96.48,0.044792,0.02344,0.005964,0.005964,0.00306571
16.443932056427002,2.68,96.48,0.044792,0.02344,0.005964,0.005964,0.00306571
16.473217487335205,2.68,96.48,0.044792,0.02344,0.005964,0.005964,0.00306571
16.501971006393433,2.68,96.48,0.044792,0.02344,0.005964,0.005964,0.00306571
16.530920267105103,2.68,96.48,0.044792,0.02344,0.005964,0.005964,0.00306571
16.560018301010132,2.68,96.48,0.044792,0.02344,0.005964,0.005964,0.00306571
16.588977098464966,2.68,96.48,0.044792,0.02344,0.005964,0.005964,0.00306571
16.618144750595093,2.68,96.48,0.044792,0.02344,0.005964,0.005964,0.00306571
16.64742636680603,2.68,96.48,0.044792,0.02344,0.005964,0.005964,0.00306571
16.676443576812744,2.68,96.48,0.044792,0.02344,0.005964,0.005964,0.00306571
16.70580744743347,2.68,96.48,0.044792,0.02344,0.005964,0.005964,0.00306571
16.734877824783325,2.68,96.48,0.044792,0.02344,0.005964,0.005964,0.00306571
16.76408624649048,2.68,96.48,0.044792,0.02344,0.005964,0.005964,0.00306571
16.79268503189087,2.68,96.48,0.044792,0.02344,0.005964,0.005964,0.00306571
16.821678638458252,2.68,96.48,0.044792,0.02344,0.005964,0.005964,0.00306571
16.850764751434326,2.68,96.48,0.044792,0.02344,0.005964,0.005964,0.00306571
16.880388021469116,2.68,96.48,0.044792,0.02344,0.005964,0.005964,0.00306571
16.909191131591797,2.68,96.48,0.044792,0.02344,0.005964,0.005964,0.00306571
16.93828582763672,2.68,96.48,0.044792,0.02344,0.005964,0.005964,0.00306571
16.967445373535156,2.68,96.48,0.044792,0.02344,0.005964,0.005964,0.00306571
16.996262550354004,2.68,96.48,0.044792,0.02344,0.005964,0.005964,0.00306571
17.02516269683838,2.68,96.48,0.044792,0.02344,0.005964,0.005964,0.00306571
17.054264307022095,2.68,96.48,0.044792,0.02344,0.005964,0.005964,0.00306571
17.08331799507141,2.68,96.48,0.044792,0.02344,0.005964,0.005964,0.00306571
17.112380027770996,2.68,96.48,0.044792,0.02344,0.005964,0.005964,0.00306571
17.1415855884552,2.68,96.48,0.044792,0.02344,0.005964,0.005964,0.00306571
17.170281648635864,2.68,96.48,0.044792,0.02344,0.005964,0.005964,0.00306571
17.199568510055542,2.68,96.48,0.044792,0.02344,0.005964,0.005964,0.00306571
17.22825813293457,2.68,96.48,0.044792,0.02344,0.005964,0.005964,0.00306571
17.257081031799316,2.68,96.48,0.044792,0.02344,0.005964,0.005964,0.00306571
17.286208152770996,2.68,96.48,0.044792,0.02344,0.005964,0.005964,0.00306571
17.31522297859192,2.68,96.48,0.044792,0.02344,0.005964,0.005964,0.00306571
17.344168186187744,2.68,96.48,0.044792,0.02344,0.005964,0.005964,0.00306571
17.373406171798706,2.68,96.48,0.044792,0.02344,0.005964,0.005964,0.00306571
17.40228796005249,2.68,96.48,0.044792,0.02344,0.005964,0.005964,0.00306571
17.431060314178467,2.68,96.48,0.044792,0.02344,0.005964,0.005964,0.00306571
17.459906578063965,2.68,96.48,0.044792,0.02344,0.005964,0.005964,0.00306571
17.489142656326294,2.68,96.48,0.044792,0.02344,0.005964,0.005964,0.00306571
17.51800298690796,2.68,96.48,0.044792,0.02344,0.005964,0.005964,0.00306571
17.546932697296143,2.68,96.48,0.044792,0.02344,0.005964,0.005964,0.00306571
17.575897216796875,2.68,96.48,0.044792,0.02344,0.005964,0.005964,0.00306571
17.604819536209106,2.68,96.48,0.044792,0.02344,0.005964,0.005964,0.00306571
17.633939743041992,2.68,96.48,0.044792,0.02344,0.005964,0.005964,0.00306571
17.663013219833374,2.68,96.48,0.044792,0.02344,0.005964,0.005964,0.00306571
17.69216537475586,2.68,96.48,0.044792,0.02344,0.005964,0.005964,0.00306571
17.721219301223755,2.68,96.48,0.044792,0.02344,0.005964,0.005964,0.00306571
17.750245332717896,2.68,96.48,0.044792,0.02344,0.005964,0.005964,0.00306571
17.7792809009552,2.68,96.48,0.044792,0.02344,0.005964,0.005964,0.00306571
17.80844497680664,2.68,96.48,0.044792,0.02344,0.005964,0.005964,0.00306571
17.837236166000366,2.68,96.48,0.044792,0.02344,0.005964,0.005964,0.00306571
17.866535425186157,2.68,96.48,0.044792,0.02344,0.005964,0.005964,0.00306571
17.89624547958374,2.68,96.48,0.044792,0.02344,0.005964,0.005964,0.00306571
17.92479372024536,2.68,96.48,0.044792,0.02344,0.005964,0.005964,0.00306571
17.95369529724121,2.68,96.48,0.044792,0.02344,0.005964,0.005964,0.00306571
17.982632875442505,2.68,96.48,0.044792,0.02344,0.005964,0.005964,0.00306571
18.01162552833557,2.68,96.48,0.044792,0.02344,0.005964,0.005964,0.00306571
18.040622234344482,2.68,96.48,0.044792,0.02344,0.005964,0.005964,0.00306571
18.06959342956543,2.68,96.48,0.044792,0.02344,0.005964,0.005964,0.00306571
18.098814010620117,2.68,96.48,0.044792,0.02344,0.005964,0.005964,0.00306571
18.12730073928833,2.68,96.48,0.044792,0.02344,0.005964,0.005964,0.00306571
18.156249523162842,2.68,96.48,0.044792,0.02344,0.005964,0.005964,0.00306571
18.18539309501648,2.68,96.48,0.044792,0.02344,0.005964,0.005964,0.00306571
18.21434497833252,2.68,96.48,0.044792,0.02344,0.005964,0.005964,0.00306571
18.243552207946777,2.68,96.48,0.044792,0.02344,0.005964,0.005964,0.00306571
18.27260422706604,2.68,96.48,0.044792,0.02344,0.005964,0.005964,0.00306571
18.301679372787476,2.68,96.48,0.044792,0.02344,0.005964,0.005964,0.00306571
18.330674409866333,2.68,96.48,0.044792,0.02344,0.005964,0.005964,0.00306571
18.359505891799927,2.68,96.48,0.044792,0.02344,0.005964,0.005964,0.00306571
18.392051696777344,2.68,96.48,0.044792,0.02344,0.005964,0.005964,0.00306571
18.420876264572144,2.68,96.48,0.044792,0.02344,0.005964,0.005964,0.00306571
18.449949502944946,2.68,96.48,0.044792,0.02344,0.005964,0.005964,0.00306571
18.478670358657837,2.68,96.48,0.044792,0.02344,0.005964,0.005964,0.00306571
18.507619380950928,2.68,96.48,0.044792,0.02344,0.005964,0.005964,0.00306571
18.536501169204712,2.68,96.48,0.044792,0.02344,0.005964,0.005964,0.00306571
18.56574058532715,2.68,96.48,0.044792,0.02344,0.005964,0.005964,0.00306571
18.594706296920776,2.68,96.48,0.044792,0.02344,0.005964,0.005964,0.00306571
18.623694896697998,2.68,96.48,0.044792,0.02344,0.005964,0.005964,0.00306571
18.652782201766968,2.68,96.48,0.044792,0.02344,0.005964,0.005964,0.00306571
18.68189287185669,2.68,96.48,0.044792,0.02344,0.005964,0.005964,0.00306571
18.710796117782593,2.68,96.48,0.044792,0.02344,0.005964,0.005964,0.00306571
18.73972463607788,2.68,96.48,0.044792,0.02344,0.005964,0.005964,0.00306571
18.768792629241943,2.68,96.48,0.044792,0.02344,0.005964,0.005964,0.00306571
18.798451900482178,2.68,96.48,0.044792,0.02344,0.005964,0.005964,0.00306571
18.827266454696655,2.68,96.48,0.044792,0.02344,0.005964,0.005964,0.00306571
18.856445789337158,2.68,96.48,0.044792,0.02344,0.005964,0.005964,0.00306571
18.885900497436523,2.68,96.48,0.044792,0.02344,0.005964,0.005964,0.00306571
18.915235996246338,2.68,96.48,0.044792,0.02344,0.005964,0.005964,0.00306571
18.944034337997437,2.68,96.48,0.044792,0.02344,0.005964,0.005964,0.00306571
18.973628759384155,2.68,96.48,0.044792,0.02344,0.005964,0.005964,0.00306571
19.00348997116089,2.68,96.48,0.044792,0.02344,0.005964,0.005964,0.00306571
19.032305240631104,2.68,96.48,0.044792,0.02344,0.005964,0.005964,0.00306571
19.061177015304565,2.68,96.48,0.044792,0.02344,0.005964,0.005964,0.00306571
19.09001088142395,2.68,96.48,0.044792,0.02344,0.005964,0.005964,0.00306571
19.118852853775024,2.68,96.48,0.044792,0.02344,0.005964,0.005964,0.00306571
19.147857904434204,2.68,96.48,0.044792,0.02344,0.005964,0.005964,0.00306571
19.176913738250732,2.68,96.48,0.044792,0.02344,0.005964,0.005964,0.00306571
19.205762147903442,2.68,96.48,0.044792,0.02344,0.005964,0.005964,0.00306571
19.234801054000854,2.68,96.48,0.044792,0.02344,0.005964,0.005964,0.00306571
19.263725757598877,2.68,96.48,0.044792,0.02344,0.005964,0.005964,0.00306571
19.292677402496338,2.68,96.48,0.044792,0.02344,0.005964,0.005964,0.00306571
19.321789026260376,2.68,96.48,0.044792,0.02344,0.005964,0.005964,0.00306571
19.3507559299469,2.68,96.48,0.044792,0.02344,0.005964,0.005964,0.00306571
19.380386114120483,2.68,96.48,0.044792,0.02344,0.005964,0.005964,0.00306571
19.411089181900024,2.68,96.48,0.044792,0.02344,0.005964,0.005964,0.00306571
19.440037727355957,2.68,96.48,0.044792,0.02344,0.005964,0.005964,0.00306571
19.46923518180847,2.68,96.48,0.044792,0.02344,0.005964,0.005964,0.00306571
19.49866271018982,2.68,96.48,0.044792,0.02344,0.005964,0.005964,0.00306571
19.527401447296143,2.68,96.48,0.044792,0.02344,0.005964,0.005964,0.00306571
19.556402683258057,2.68,96.48,0.044792,0.02344,0.005964,0.005964,0.00306571
19.585431575775146,2.68,96.48,0.044792,0.02344,0.005964,0.005964,0.00306571
19.614537954330444,2.68,96.48,0.044792,0.02344,0.005964,0.005964,0.00306571
19.64350962638855,2.68,96.48,0.044792,0.02344,0.005964,0.005964,0.00306571
19.67233443260193,2.68,96.48,0.044792,0.02344,0.005964,0.005964,0.00306571
19.701337337493896,2.68,96.48,0.044792,0.02344,0.005964,0.005964,0.00306571
19.730494737625122,2.68,96.48,0.044792,0.02344,0.005964,0.005964,0.00306571
